Name_Pseudoname;Original Color Group;Your favorite color;Dream Holiday Destination;Favorite Pet;Favorite Season;Music;Favorite Food
David;Light Blue;black;Hawaii;Dog;Summer;Rap;Pizza
Laura;Purple;black;Hawaii;Cat;Summer;Rock;Sushi
Markku;Green;Blue;SanTorini;Dog;Summer;Pop;Sushi
Jani;Red;black;Moon;Dog;Winter;Rock;Pizza
Daniel;Blue;Green;Hawaii;Dog;Winter;Rock;Sushi
HerkkuSieni;Green;Blue;Hawaii;Dog;Summer;Rap;Pizza
Mehak;Orange;Green;Moon;Cat;Fall;Classical;Pizza
Sarker;Orange;Blue;Paris;Cat;Fall;Classical;Kebab
ste;Purple;Green;Moon;Cat;Summer;Pop;Pizza
Markus;Purple;red;Hawaii;Dog;Winter;Pop;Kebab
Jarkko;Red;red;Hawaii;Dog;Summer;Rock;Pizza
Pavel Viakkerev;Purple;Green;Hawaii;Dog;Summer;Rap;Pizza
Jesse;Blue;Green;Turku;Cat;Fall;Rock;Pizza
maria;Green;red;Hawaii;Cat;Summer;Rap;Sushi
Voitto;Light Blue;red;Hawaii;Dog;Fall;Pop;Pizza
Ossi Kangaskorte;Red;red;Hawaii;Cat;Summer;Pop;Kebab
Miika viikeri;Light Blue;Blue;Moon;Dog;Fall;Rock;Sushi
Jori;Green;black;Hawaii;Cat;Summer;Rock;Pizza
Top;Light Blue;Blue;Hawaii;Dog;Summer;Classical;Sushi
D;Light Blue;Blue;Hawaii;Cat;Winter;Rock;Kebab
Khiem;Blue;Blue;Paris;Dog;Summer;Rock;Kebab
Niklas;Green;black;SanTorini;Dog;Summer;Rap;Sushi
chathura;Yellow;black;Paris;Dog;Summer;Classical;Pizza
Thilini;Yellow;black;Paris;Dog;Summer;Classical;Pizza
Shafin;Red;Blue;SanTorini;Cat;Spring;Pop;Kebab
Nana;Light Blue;Green;Turku;Cat;Fall;Pop;Sushi
David ;Red;Green;SanTorini;Dog;Summer;Rap;Kebab
Elias;White;Blue;Turku;Cat;Summer;Pop;Sushi
Aloka;White;Yellow;Paris;Dog;Summer;Classical;Sushi
Vijeni;Orange;Blue;Paris;Dog;Summer;Pop;Pizza
Sakke;Purple;red;Moon;Dog;Summer;Rock;Sushi
Hoat;Green;red;Paris;Cat;Summer;Pop;Sushi
Carl;White;Green;Paris;Cat;Fall;Jazz;Sushi
Tommi;White;black;Hawaii;Dog;Winter;Pop;Sushi
Vili;Yellow;Blue;Hawaii;Hamster;Summer;Classical;Kebab
Le Thinh;Red;black;Moon;Cat;Winter;Rock;Pizza
Jimi;Purple;red;Hawaii;Cat;Fall;Jazz;Pizza
Raju;White;Blue;Paris;Dog;Summer;Classical;Pizza
Ahid;Blue;Green;Turku;Cat;Winter;Pop;Pizza
Paramveer singh;Orange;Green;Paris;Dog;Winter;Classical;Pizza
NoName;Yellow;Green;Moon;Dog;Fall;Jazz;Pizza
Dip;White;red;Paris;Dog;Summer;Pop;Pizza
The;Yellow;red;Hawaii;Dog;Winter;Classical;Sushi
Aashiya;Orange;black;Paris;Hamster;Spring;Rock;Pizza
Gihan Fernando;Blue;Blue;Paris;Dog;Winter;Classical;Kebab
Anas Alhamada;Orange;black;Hawaii;Cat;Summer;Pop;Sushi
Miska;Purple;Blue;Moon;Cat;Summer;Rock;Pizza
